,COSMIC96,norm_count
0,A[C>A]A,0.005681818181818182
1,A[C>A]C,0.011363636363636364
2,A[C>G]A,0.005681818181818182
3,A[C>G]C,0.017045454545454544
4,A[C>G]T,0.011363636363636364
5,A[C>T]A,0.022727272727272728
6,A[C>T]C,0.022727272727272728
7,A[C>T]G,0.045454545454545456
8,A[T>C]G,0.005681818181818182
9,A[T>C]T,0.20454545454545456
10,C[C>A]A,0.017045454545454544
11,C[C>A]C,0.005681818181818182
12,C[C>A]T,0.005681818181818182
13,C[C>G]T,0.005681818181818182
14,C[C>T]A,0.011363636363636364
15,C[C>T]C,0.017045454545454544
16,C[C>T]G,0.13636363636363635
17,C[T>C]T,0.017045454545454544
18,C[T>G]G,0.005681818181818182
19,G[C>A]A,0.022727272727272728
20,G[C>A]C,0.011363636363636364
21,G[C>A]T,0.005681818181818182
22,G[C>G]A,0.005681818181818182
23,G[C>G]T,0.005681818181818182
24,G[C>T]A,0.011363636363636364
25,G[C>T]C,0.011363636363636364
26,G[C>T]G,0.09090909090909091
27,G[C>T]T,0.005681818181818182
28,G[T>C]A,0.005681818181818182
29,G[T>C]G,0.011363636363636364
30,G[T>G]C,0.005681818181818182
31,G[T>G]T,0.011363636363636364
32,T[C>A]A,0.017045454545454544
33,T[C>A]C,0.011363636363636364
34,T[C>A]T,0.017045454545454544
35,T[C>G]A,0.005681818181818182
36,T[C>G]T,0.017045454545454544
37,T[C>T]A,0.045454545454545456
38,T[C>T]C,0.011363636363636364
39,T[C>T]G,0.05113636363636364
40,T[C>T]T,0.005681818181818182
41,T[T>A]C,0.017045454545454544
42,T[T>C]G,0.005681818181818182
43,T[T>C]T,0.011363636363636364
44,T[T>G]C,0.005681818181818182
