Context,SBS88_GRCh37,SBS1_GRCh37,SBS5_GRCh37,SBS18_GRCh37
A[C>A]A,1e-18,0.0008861572308774,0.011997600479904,0.0515338577445382
A[C>A]C,1e-18,0.0022804046121903,0.0094381123775245,0.0158103874245379
A[C>A]G,1e-18,0.0001770314106831,0.0018496300739852,0.0024315975595966
A[C>A]T,0.0017311020069244,0.0012802271507033,0.0066086782643471,0.0214140690433615
A[C>G]A,1e-18,0.0018603300783658,0.0100979804039192,0.0017311373572437
A[C>G]C,0.0040392380161569,0.0012202165030141,0.0056988602279544,0.0025917027487059
A[C>G]G,1e-18,0.000115020408071,0.0017196560687862,0.0019212622693109
A[C>G]T,0.0040392380161569,0.0011402023060951,0.0100979804039192,0.0040826823222857
A[C>T]A,0.0103866130415465,0.0250044365371747,0.0325934813037393,0.0092060483737815
A[C>T]C,1e-18,0.0063211215565977,0.0178964207158568,0.0046530570584874
A[C>T]G,0.012694749050779,0.365064773442751,0.0061787642471505,0.0122080206695799
A[C>T]T,1e-18,0.0095817000810453,0.021995600879824,0.0079752397325042
A[T>A]A,0.0478938261915753,0.0008001419691895,0.0073785242951409,0.0024916370055126
A[T>A]C,0.0236583960946336,0.0022303957391159,0.0069286142771445,0.0008785772252369
A[T>A]G,0.0005770340023081,0.0011402023060951,0.009118176364727,0.0026017093230252
A[T>A]T,0.0427005191708021,0.0001830324754521,0.0061987602479504,0.007845154266353
A[T>C]A,0.11136757144547,0.0010901934330208,0.0461907618476305,0.0020213280125042
A[T>C]C,0.0455856901823428,0.0030405394829204,0.0133973205358928,0.0020913740327395
A[T>C]G,0.0063473740253895,0.0001060188109176,0.0381923615276945,0.0020813674584201
A[T>C]T,0.169648009678592,0.0057410186289353,0.0382923415316937,0.0042427875113949
A[T>G]A,0.0080784770323139,0.0001720305233757,0.0038592281543691,0.0007214740084235
A[T>G]C,0.0051933060207732,0.0002070367345278,0.0025994801039792,0.0008585640765983
A[T>G]G,0.0023081360092325,0.0002680475596785,0.0079384123175365,0.0019913082895462
A[T>G]T,0.0075014430300057,0.0001120198756865,0.0048290341931613,0.0018412096747563
C[C>A]A,1e-18,0.0003120553679839,0.0074285142971405,0.0740486499630257
C[C>A]C,1e-18,0.0017903176560617,0.0061387722455508,0.0196128856658825
C[C>A]G,1e-18,9.32165394105872e-05,0.0034593081383723,0.0120078891831934
C[C>A]T,1e-18,2.23039573911599e-16,0.006488702259548,0.0363238647791599
C[C>G]A,0.004616272018465,2.41042768218364e-05,0.0069586082783443,0.0006134030057747
C[C>G]C,0.0011540680046162,7.68136290422006e-05,0.0090681863627274,0.002261485796168
C[C>G]G,1e-18,0.0003520624664434,0.00248950209958,0.0035823536063193
C[C>G]T,0.0028851700115406,2.23039573911599e-16,0.0095280943811237,0.0037924916670252
C[C>T]A,1e-18,0.0020003549229739,0.0193961207758448,0.0117076919536135
C[C>T]C,1e-18,0.0002700479146014,0.018996200759848,0.0067644442398655
C[C>T]G,1e-18,0.19603478245145,0.01749650069986,0.0168110448564707
C[C>T]T,0.0040392380161569,0.0001960347824514,0.0230953809238152,0.0066543719223529
C[T>A]A,1e-18,4.30076308439405e-05,0.0035392921415716,0.0005423563281075
C[T>A]C,0.0034622040138488,0.0003930697423643,0.0051889622075584,0.0030620117417143
C[T>A]G,1e-18,0.0003240574975217,0.0050089982003599,0.0032121103565042
C[T>A]T,1e-18,0.0002600461399866,0.0042991401719656,0.002261485796168
C[T>C]A,1e-18,2.23039573911599e-16,0.0132973405318936,0.000386253768726
C[T>C]C,0.0017311020069244,0.0025004436537174,0.0103979204159168,0.0024616172825546
C[T>C]G,1e-18,0.0003600638861353,0.0207958408318336,0.0016210650397311
C[T>C]T,1e-18,4.26075598593457e-05,0.0148970205958808,0.0025616830257479
C[T>G]A,1e-18,3.55062998827881e-05,0.0025894821035792,0.0001110729749445
C[T>G]C,0.0023081360092325,0.0002120376218352,0.0046090781843631,0.0019913082895462
C[T>G]G,0.0023081360092325,0.0001280227150703,0.0061287742451509,0.002931926275563
C[T>G]T,1e-18,0.0001710303459142,0.0072985402919416,0.0041427217682017
G[C>A]A,0.008655511034622,0.0015802803891494,0.0101979604079184,0.109071660080673
G[C>A]C,1e-18,0.000339060159444,0.0076484703059388,0.0173113735724371
G[C>A]G,0.0005770340023081,0.0005871041698928,0.0023395320935812,0.0075649701854118
G[C>A]T,0.0034622040138488,2.23039573911599e-16,0.0068186362727454,0.0623409580094122
G[C>G]A,1e-18,9.59170185566021e-06,0.0046790641871625,0.0006354174692773
G[C>G]C,0.0017311020069244,0.0001640291036838,0.0050789842031593,0.0013408809587899
G[C>G]G,0.0005770340023081,0.0001660294586068,0.0015096980603879,0.000639420099005
G[C>G]T,0.0069244090276976,2.23039573911599e-16,0.0067186562687462,0.0012308086412773
G[C>T]A,0.0005770340023081,0.0044407879290022,0.0193961207758448,0.0096863639411093
G[C>T]C,1e-18,9.28164684259924e-05,0.0215956808638272,0.0081753712188908
G[C>T]G,0.0063473740253895,0.218038686604164,0.0122975404919016,0.0148097299926051
G[C>T]T,0.0034622040138488,3.84068145211004e-05,0.0185962807438512,0.0066943982196303
G[T>A]A,1e-18,8.12144098727433e-05,0.0036692661467706,0.0016010518910924
G[T>A]C,0.0051933060207732,0.0001290228925318,0.0029094181163767,0.0019512819922689
G[T>A]G,0.0028851700115406,0.0002460436555257,0.0041091781643671,0.0018312031004369
G[T>A]T,0.0150028850600115,0.0002580457850636,0.0032193561287742,0.0034622747144874
G[T>C]A,1e-18,0.0010501863345613,0.0140971805638872,0.0007084654618084
G[T>C]C,0.0034622040138488,0.0019003371768252,0.0079384123175365,0.002261485796168
G[T>C]G,0.0005770340023081,0.0011702076299397,0.01499700059988,0.0039826165790924
G[T>C]T,0.0132717830530871,7.13126530040221e-05,0.0136972605478904,0.0031520709105882
G[T>G]A,1e-18,2.23039573911599e-16,0.0025194961007798,0.0008705719657815
G[T>G]C,0.0017311020069244,2.23039573911599e-16,0.0017096580683863,3.70243249815129e-05
G[T>G]G,0.0028851700115406,0.0003480617565974,0.0052989402119576,0.0058338328281681
G[T>G]T,0.0132717830530871,1.460259093771e-05,0.0023495300939812,0.0021414069043361
T[C>A]A,1e-18,6.58116769658437e-05,0.0078584283143371,0.0738485184766392
T[C>A]C,0.0023081360092325,0.002530448977562,0.0091681663667266,0.0436286640322692
T[C>A]G,0.0005770340023081,2.23039573911599e-16,0.0022995400919816,0.0127083493855463
T[C>A]T,0.0103866130415465,5.88104347354348e-06,0.0126974605078984,0.122080206695799
T[C>G]A,1e-18,2.23039573911599e-16,0.0078084383123375,0.0021414069043361
T[C>G]C,1e-18,0.0002030360246818,0.0075984803039392,0.0046430504841681
T[C>G]G,0.0005770340023081,6.94123158271969e-05,0.0017096580683863,0.0008995910313075
T[C>G]T,0.0040392380161569,0.0015602768399197,0.0124975004999,0.0031820906335462
T[C>T]A,1e-18,0.0011101969822505,0.0202959408118376,0.0114074947240337
T[C>T]C,1e-18,3.73066193134647e-05,0.022995400919816,0.0114074947240337
T[C>T]G,0.0092325450369301,0.110019520763569,0.0158968206358728,0.0118077576968068
T[C>T]T,1e-18,2.23039573911599e-16,0.020995800839832,0.0037524653697479
T[T>A]A,0.021350260085401,0.0067211925411925,0.0063087382523495,0.010807100264874
T[T>A]C,1e-18,2.23039573911599e-16,0.0041391721655668,0.0027317947891764
T[T>A]G,0.0040392380161569,2.80049689216357e-05,0.0047890421915616,0.0017911768031596
T[T>A]T,0.0744373922977496,0.0022503992883457,0.00874825034993,0.0071046677667227
T[T>C]A,0.0040392380161569,0.0002550452526791,0.017996400719856,0.001801183377479
T[T>C]C,0.0023081360092325,0.0033906015944408,0.0097080583883223,0.0061840629293445
T[T>C]G,1e-18,0.0004160738239785,0.0126974605078984,0.0032621432281008
T[T>C]T,0.0963646863854588,0.0043307684082386,0.018496300739852,0.0033722155456134
T[T>G]A,0.0305828041223312,2.23039573911599e-16,0.0052189562087582,0.0006964575726252
T[T>G]C,0.0207732260830929,5.51097781279329e-05,0.0065586882623475,0.0021013806070588
T[T>G]G,1e-18,0.0005831034600469,0.0069386122775444,0.0014509532763025
T[T>G]T,0.10213502640854,2.23039573911599e-16,0.013497300539892,0.0051633923487731
