,A[C>A]A,A[C>A]C,A[C>A]G,A[C>A]T,C[C>A]A,C[C>A]C,C[C>A]G,C[C>A]T,G[C>A]A,G[C>A]C,G[C>A]G,G[C>A]T,T[C>A]A,T[C>A]C,T[C>A]G,T[C>A]T,A[C>G]A,A[C>G]C,A[C>G]G,A[C>G]T,C[C>G]A,C[C>G]C,C[C>G]G,C[C>G]T,G[C>G]A,G[C>G]C,G[C>G]G,G[C>G]T,T[C>G]A,T[C>G]C,T[C>G]G,T[C>G]T,A[C>T]A,A[C>T]C,A[C>T]G,A[C>T]T,C[C>T]A,C[C>T]C,C[C>T]G,C[C>T]T,G[C>T]A,G[C>T]C,G[C>T]G,G[C>T]T,T[C>T]A,T[C>T]C,T[C>T]G,T[C>T]T,A[T>A]A,A[T>A]C,A[T>A]G,A[T>A]T,C[T>A]A,C[T>A]C,C[T>A]G,C[T>A]T,G[T>A]A,G[T>A]C,G[T>A]G,G[T>A]T,T[T>A]A,T[T>A]C,T[T>A]G,T[T>A]T,A[T>C]A,A[T>C]C,A[T>C]G,A[T>C]T,C[T>C]A,C[T>C]C,C[T>C]G,C[T>C]T,G[T>C]A,G[T>C]C,G[T>C]G,G[T>C]T,T[T>C]A,T[T>C]C,T[T>C]G,T[T>C]T,A[T>G]A,A[T>G]C,A[T>G]G,A[T>G]T,C[T>G]A,C[T>G]C,C[T>G]G,C[T>G]T,G[T>G]A,G[T>G]C,G[T>G]G,G[T>G]T,T[T>G]A,T[T>G]C,T[T>G]G,T[T>G]T
0,15,10,2,5,20,7,3,14,32,8,4,17,19,14,3,36,4,4,0,6,6,7,0,3,2,3,2,4,4,1,2,5,24,13,142,11,12,6,82,8,12,18,79,13,16,12,47,4,7,4,4,6,5,6,1,2,1,1,1,4,4,4,3,9,28,5,19,22,3,5,5,5,4,4,5,1,5,8,3,14,1,1,3,3,1,1,3,2,1,0,5,2,2,4,4,8
1,11,5,3,8,17,5,7,11,29,5,3,25,20,13,1,22,5,1,0,8,1,3,2,3,0,1,1,2,2,2,1,11,26,10,130,11,8,11,113,9,16,13,88,8,11,15,54,6,6,5,6,8,2,5,4,3,3,2,2,5,10,1,1,7,14,4,17,15,12,4,5,8,9,2,7,2,8,8,1,8,0,1,4,2,2,3,1,6,2,1,4,1,1,5,5,11
2,17,9,2,6,24,3,3,7,30,5,5,13,19,13,4,29,3,3,0,7,4,5,2,2,2,1,0,3,3,5,0,4,15,9,158,18,7,5,99,7,8,5,98,8,14,11,58,15,1,5,4,5,1,3,3,2,2,2,1,2,8,1,2,5,16,11,12,15,6,4,11,11,7,3,7,6,8,14,7,11,1,2,5,2,2,4,6,4,0,1,2,1,2,0,0,4
3,15,9,0,7,14,8,7,13,21,6,4,18,18,15,2,21,3,7,3,7,3,4,3,8,2,5,0,1,3,3,0,6,21,16,164,12,11,11,93,12,9,13,87,9,10,12,49,8,5,3,3,4,3,2,5,2,3,1,1,5,9,1,1,3,17,8,15,15,3,6,14,5,2,3,6,7,7,9,5,18,1,0,5,4,0,3,2,1,0,1,1,2,4,1,2,9
4,12,11,2,5,22,8,1,8,24,5,2,12,19,14,2,21,5,4,2,4,3,6,1,9,4,1,2,2,5,2,1,13,28,12,155,18,11,3,102,5,8,10,86,6,11,18,57,8,2,3,6,2,1,5,3,4,1,1,3,0,6,2,3,8,25,5,14,17,7,11,8,4,5,2,3,11,6,11,8,8,2,0,4,1,1,4,1,4,1,1,3,1,0,2,2,8
5,11,3,4,5,15,8,2,7,32,1,2,17,19,19,2,32,5,3,0,7,5,2,2,7,1,2,0,2,2,9,0,3,24,9,153,17,13,15,81,14,13,11,87,7,5,12,48,11,1,4,2,7,1,2,1,5,1,4,4,2,4,2,1,10,24,5,12,29,3,2,7,14,8,4,6,9,6,7,4,7,4,4,3,5,0,5,0,5,1,2,2,3,4,4,2,9
6,13,8,1,7,17,4,1,9,21,7,4,11,15,16,2,35,8,2,1,7,1,2,3,5,4,3,1,2,7,4,3,5,19,15,143,19,7,10,103,6,8,5,97,7,13,9,54,10,2,5,3,3,0,1,2,2,1,1,1,3,10,4,3,2,23,16,18,18,8,7,10,5,7,2,9,8,8,10,7,5,1,2,5,1,2,2,1,2,4,0,6,5,1,0,4,6
7,15,6,0,8,20,11,4,8,30,7,4,11,13,18,6,25,4,3,2,7,2,6,2,9,2,3,1,3,4,1,1,7,26,6,149,12,16,2,96,7,13,17,98,8,11,11,49,7,5,4,7,6,0,4,4,3,1,2,4,2,11,3,3,1,25,5,20,16,6,8,7,4,7,7,5,2,4,7,2,14,1,1,2,3,0,3,5,3,1,0,0,5,1,4,0,1
8,14,9,1,12,14,6,1,9,23,5,3,17,17,13,2,41,4,1,0,6,3,5,1,5,2,4,2,4,1,4,0,4,33,12,149,10,8,11,102,11,9,8,84,7,10,13,36,10,3,7,9,7,2,6,4,1,2,2,3,0,9,3,3,5,20,6,21,13,5,10,13,7,9,8,6,3,11,5,5,5,1,4,4,3,0,2,2,4,0,1,3,1,1,4,5,6
9,12,5,2,12,17,5,3,6,25,7,1,10,16,16,3,32,1,6,1,6,2,3,1,6,1,1,1,3,5,6,2,9,20,8,176,16,10,7,91,12,12,10,102,12,8,12,52,13,4,0,3,5,2,1,2,1,2,3,2,4,7,2,2,5,22,6,16,14,4,5,6,6,4,3,6,8,5,8,5,11,2,0,3,2,1,5,2,3,3,0,3,1,6,2,2,4
10,11,9,3,9,22,8,4,8,21,8,3,23,18,10,3,20,7,3,1,4,6,6,6,1,2,3,0,2,4,4,3,5,19,7,159,20,10,10,87,6,16,12,105,9,12,13,47,16,2,6,3,5,0,4,3,1,5,4,0,1,8,1,0,4,21,7,20,18,3,7,7,8,5,4,10,6,7,5,4,6,3,1,2,4,2,0,1,0,1,1,0,2,2,3,2,6
11,24,6,0,10,17,3,5,7,17,3,2,15,6,15,5,30,3,5,1,8,4,4,1,5,1,1,2,3,1,8,2,9,24,12,142,15,17,5,102,14,10,5,94,7,8,9,57,9,2,3,1,6,1,2,3,4,0,1,1,1,10,0,0,8,22,7,16,18,8,7,6,12,8,6,9,8,9,7,7,9,2,1,6,1,0,3,3,4,2,1,4,1,3,3,7,4
12,18,8,0,8,25,7,4,16,33,5,2,19,9,12,5,33,5,5,0,9,3,3,1,7,1,1,0,2,5,7,2,7,18,13,161,15,11,7,94,8,19,11,94,8,10,13,43,9,3,4,6,5,2,3,1,1,2,1,3,1,10,2,1,8,14,3,17,18,3,3,11,3,5,6,7,6,2,4,4,8,0,0,4,1,1,2,2,6,1,2,3,0,4,2,4,5
13,17,8,0,6,13,5,3,10,28,4,1,14,15,14,5,27,10,7,0,9,1,7,0,4,3,1,1,6,5,5,1,7,20,17,151,8,7,12,98,11,11,15,93,8,14,13,47,10,5,3,9,2,0,2,2,1,2,2,2,1,12,4,1,5,10,3,13,18,7,7,10,14,1,4,6,5,5,10,4,9,2,2,3,3,3,2,3,5,0,2,4,2,2,5,4,7
14,15,14,0,10,13,8,5,6,30,13,1,27,19,15,3,29,2,4,1,6,3,4,2,2,2,1,1,1,2,4,0,4,40,5,142,19,13,6,85,14,11,18,89,5,8,14,53,7,0,6,6,6,1,2,3,3,1,5,1,1,5,1,2,5,22,4,10,19,6,5,7,7,6,2,7,3,9,5,8,9,1,2,4,1,2,3,4,5,0,2,5,2,1,2,4,9
15,13,11,2,6,15,7,5,8,31,6,3,10,13,13,2,35,3,4,0,4,4,4,3,3,1,1,1,3,2,7,2,5,21,10,146,15,7,5,90,6,15,19,91,11,15,10,64,10,5,2,4,1,2,6,1,5,4,0,1,5,9,0,2,4,27,5,16,11,5,5,11,5,4,5,5,7,6,6,6,17,2,0,3,6,2,2,2,4,1,1,7,1,4,3,3,5
16,15,4,2,5,17,8,6,10,25,10,4,10,16,11,6,33,1,6,1,3,3,6,3,2,1,1,1,5,4,3,2,8,23,17,155,12,9,11,100,10,11,10,95,4,5,11,60,15,1,4,7,4,0,5,3,0,1,1,1,1,3,2,2,4,24,5,12,21,3,5,9,7,10,8,4,5,8,4,8,6,0,1,10,2,1,1,1,5,1,1,5,0,1,2,3,8
17,16,8,0,11,21,6,4,8,24,6,0,20,19,15,4,25,3,5,1,2,4,5,4,5,4,2,1,5,6,6,1,7,31,8,158,15,15,6,82,14,4,8,86,12,10,8,40,10,7,2,4,8,1,6,1,1,1,1,3,2,13,2,4,3,27,7,23,15,5,4,5,6,9,6,4,9,12,2,3,12,2,0,4,2,1,0,2,1,2,0,5,1,3,5,5,4
18,11,11,2,6,16,7,3,12,19,7,2,5,25,17,4,28,5,0,2,4,2,3,3,8,0,4,2,3,3,1,0,4,29,11,172,13,10,10,81,11,14,10,94,7,13,7,62,9,7,3,4,4,2,3,2,0,2,2,0,0,7,2,0,3,17,12,12,19,2,7,7,8,5,6,9,8,10,2,3,16,2,0,4,3,1,3,4,4,1,1,2,2,3,7,1,6
19,21,8,0,14,18,4,4,9,31,5,4,14,17,9,2,33,5,4,0,4,6,5,0,1,2,2,0,1,3,5,0,7,25,9,141,19,8,5,90,10,13,7,97,9,5,16,54,5,1,5,4,7,0,4,4,5,0,3,4,4,8,5,0,7,23,7,12,19,13,8,9,5,11,1,6,5,6,4,4,11,1,0,7,6,2,0,4,6,2,2,2,1,3,1,3,4
20,16,12,0,7,18,2,1,8,20,5,3,14,15,22,2,25,8,4,0,11,1,6,0,4,2,4,0,3,4,5,1,6,27,16,143,16,13,10,93,14,9,6,96,6,12,8,78,6,4,1,1,2,3,3,3,2,1,3,2,7,6,3,1,8,23,4,7,15,5,8,4,5,5,6,9,5,5,6,5,16,0,0,2,2,1,1,3,8,1,1,4,1,3,3,5,5
21,12,9,0,8,17,8,4,9,23,7,0,17,9,9,4,29,6,2,2,3,7,3,1,6,4,4,0,3,3,9,0,11,21,8,162,12,13,10,95,3,8,10,87,14,12,9,49,9,3,3,5,5,3,3,4,2,3,2,2,3,6,1,1,2,22,6,21,26,3,11,9,6,7,2,12,6,4,7,2,8,3,4,0,2,1,1,4,9,4,0,6,0,2,3,2,8
22,20,8,2,6,18,10,4,8,32,7,1,17,19,20,4,36,5,1,1,5,5,3,0,6,3,4,2,2,3,6,2,6,12,9,156,21,9,11,92,14,12,14,84,14,16,16,50,5,4,1,4,4,0,3,3,3,4,1,1,5,7,3,6,5,9,0,12,14,8,8,8,5,7,1,6,3,11,4,4,3,2,5,4,2,0,1,1,6,0,1,7,0,3,1,3,6
23,12,6,1,10,25,11,4,10,19,11,4,10,6,9,3,29,3,3,3,4,3,7,2,4,1,3,2,3,3,5,2,7,26,9,150,12,6,9,101,11,13,6,87,5,10,15,50,9,4,6,9,8,2,4,2,1,3,2,2,0,6,4,1,4,27,7,17,15,7,9,12,7,5,3,8,6,8,11,9,11,2,3,2,1,0,1,4,3,1,1,4,2,0,2,2,8
24,15,10,0,4,15,3,3,6,30,7,0,9,11,19,4,32,8,3,0,6,5,4,2,5,0,3,0,2,1,2,1,9,19,14,148,23,7,9,101,4,13,9,97,5,6,7,68,9,7,2,5,0,2,4,2,3,3,3,1,1,10,2,2,7,14,3,18,20,5,12,10,4,10,6,10,4,13,9,4,10,3,2,2,1,0,1,1,3,1,1,4,1,4,5,3,4
25,16,7,1,5,18,6,3,8,23,2,2,17,15,16,1,24,8,3,1,7,3,1,2,6,3,2,0,2,2,6,2,5,30,9,150,11,11,9,95,9,11,12,86,7,15,14,52,12,4,3,3,4,0,2,4,1,3,1,0,1,6,1,3,4,22,11,21,18,11,4,4,7,7,4,5,10,10,8,8,11,0,1,5,3,1,4,4,5,1,0,7,1,2,6,5,4
26,14,13,0,8,15,4,0,9,36,6,3,18,20,15,0,34,4,3,0,7,3,4,1,4,3,6,1,5,3,0,0,6,25,9,138,12,7,10,84,10,15,11,98,10,8,21,43,9,6,2,7,4,6,6,2,3,0,0,3,3,2,3,2,10,15,5,24,19,5,5,8,8,7,3,7,6,10,10,5,3,1,0,4,0,1,5,6,3,1,3,2,3,4,3,2,8
27,16,5,3,2,16,9,7,10,24,9,3,19,19,11,2,20,5,7,1,0,1,4,0,5,2,2,1,3,1,2,3,5,21,10,140,20,8,10,97,19,11,8,101,9,8,8,58,13,2,4,5,6,0,4,6,1,1,1,3,1,7,4,2,3,18,8,20,18,8,6,8,5,5,6,6,6,8,8,4,11,1,1,6,9,1,3,2,2,1,0,5,3,2,1,2,8
28,12,13,2,5,22,11,3,11,30,9,3,6,15,13,1,28,3,4,1,6,2,4,1,4,4,5,0,2,5,4,0,5,25,16,134,18,12,9,86,18,14,10,107,5,9,8,53,6,4,5,15,6,0,2,5,4,1,4,0,3,8,2,4,6,23,3,12,21,7,3,4,6,7,4,4,11,5,8,6,7,1,0,2,3,3,1,5,5,0,0,3,1,3,1,3,5
29,17,11,2,6,21,4,1,9,20,5,4,14,24,20,1,36,7,2,1,2,3,3,1,2,1,1,0,6,2,5,0,7,29,4,168,12,12,11,100,11,8,9,86,7,11,12,46,7,3,7,0,5,1,1,3,3,1,2,5,6,5,1,2,8,16,6,9,19,6,6,13,5,7,5,4,6,9,8,8,11,2,2,1,2,0,4,3,3,1,1,2,0,3,4,3,7
30,13,4,2,5,17,6,2,11,29,6,5,20,18,15,2,24,5,2,0,6,1,4,0,9,2,3,1,4,1,10,2,4,24,6,159,9,12,12,82,9,11,9,82,16,9,11,55,14,5,3,9,4,0,3,2,5,3,2,3,3,9,5,1,5,21,5,16,14,4,5,8,8,5,3,9,7,12,6,9,11,1,1,4,2,0,6,1,2,2,2,5,4,2,3,3,4
31,18,10,1,6,10,6,3,14,30,8,3,12,19,14,3,23,3,7,1,8,3,5,1,2,1,3,1,3,4,1,0,6,31,12,138,23,11,8,80,11,8,13,98,9,19,7,47,13,3,0,8,1,1,2,4,1,1,1,2,1,7,2,1,5,35,9,10,18,8,6,3,7,6,3,9,10,12,7,7,9,2,4,3,1,0,1,5,4,1,0,4,0,5,4,4,6
32,15,4,0,9,18,5,4,8,27,6,1,20,16,13,5,35,4,4,1,7,2,4,4,5,1,1,0,3,3,5,1,1,32,16,158,12,7,12,94,9,7,11,76,9,15,8,54,13,8,4,5,2,2,3,3,1,1,3,4,3,9,2,2,7,19,3,15,22,4,5,5,3,5,5,13,5,6,5,4,10,2,2,3,0,1,3,5,6,2,0,4,3,3,3,2,8
33,10,9,3,10,17,8,6,9,25,5,3,16,22,12,3,26,8,2,0,5,5,2,3,4,2,2,1,8,4,1,0,5,18,11,163,22,16,7,92,13,11,12,82,8,10,15,45,13,6,3,3,3,1,3,1,2,1,4,4,2,7,6,2,4,19,6,20,13,3,5,8,4,6,5,12,8,7,2,7,8,1,1,2,3,0,2,8,0,2,0,2,1,4,3,1,11
34,8,4,2,12,14,5,5,6,28,7,5,19,22,5,3,34,1,1,1,8,1,3,0,6,0,3,2,3,7,1,1,7,26,9,142,14,12,10,91,12,15,6,99,12,8,18,52,7,4,6,5,6,1,2,4,0,2,1,1,1,8,3,4,4,19,6,16,28,4,3,10,5,2,5,5,1,9,6,9,7,0,3,4,1,1,3,5,7,3,1,6,2,2,4,7,7
35,12,6,2,9,19,4,2,11,23,5,2,17,12,7,6,21,6,5,2,4,1,5,0,4,1,2,1,5,3,4,1,2,22,18,171,16,13,9,86,10,9,16,86,8,12,13,63,14,2,4,3,4,2,1,4,2,4,2,5,2,10,2,2,7,24,9,15,13,3,5,6,7,4,8,7,7,8,4,8,13,1,2,1,1,1,1,2,2,0,0,4,0,1,3,8,6
36,15,14,0,8,19,8,3,8,31,7,2,8,15,11,3,26,7,6,3,4,0,4,3,4,1,3,0,5,4,5,0,7,26,11,158,12,14,8,92,5,8,11,90,4,13,11,51,14,6,4,4,4,2,0,5,2,2,3,3,2,9,0,6,6,20,9,18,21,2,4,13,5,7,8,7,7,6,7,6,10,1,2,1,1,2,3,2,4,0,0,4,0,1,3,3,3
37,22,10,0,5,18,8,3,9,17,9,4,19,17,13,4,50,5,1,3,3,3,4,2,1,4,1,0,3,2,8,0,4,21,13,163,10,10,4,89,12,18,8,99,13,9,13,54,9,4,7,7,3,1,2,0,1,1,1,0,1,4,3,0,2,15,10,20,20,6,5,10,5,7,2,8,3,8,6,3,5,0,2,5,3,1,0,3,2,2,1,7,0,2,1,0,4
38,23,14,3,5,15,9,3,9,21,10,4,14,13,17,1,27,1,4,1,2,5,4,1,6,0,1,0,5,3,7,2,5,25,12,139,22,13,8,79,11,10,8,100,12,8,14,49,11,3,7,7,5,0,0,2,1,4,1,3,1,9,4,4,1,22,12,17,15,0,8,7,5,11,5,8,7,13,3,3,13,0,2,5,5,0,2,3,4,0,0,4,1,0,5,6,6
39,15,9,2,7,19,6,1,18,34,7,1,14,16,18,5,41,7,3,0,12,3,4,1,2,1,2,1,5,5,1,2,5,28,14,152,11,7,10,81,10,9,11,95,8,12,8,46,9,6,5,3,3,0,0,1,2,3,2,1,4,9,3,3,8,16,11,11,16,4,4,8,9,3,7,9,5,12,2,7,3,2,1,6,1,1,3,5,4,0,0,4,0,2,4,6,3
40,25,6,2,5,19,11,4,12,31,8,1,20,22,6,5,20,6,6,1,5,1,2,1,3,5,2,2,4,4,4,0,4,24,12,145,15,11,10,90,7,10,13,98,5,13,14,38,7,7,3,3,7,1,4,2,2,3,2,4,1,4,3,2,8,16,7,16,15,7,6,11,5,11,7,10,5,8,2,5,6,3,1,9,3,1,2,4,4,1,0,2,0,4,6,4,4
41,11,7,0,8,19,7,3,12,39,4,1,24,19,14,2,30,6,5,1,10,2,3,2,5,4,2,1,5,4,2,0,4,30,6,149,17,13,11,87,16,3,10,85,6,8,13,41,7,1,5,4,5,2,1,5,1,1,0,1,1,4,2,3,6,26,10,17,17,4,5,15,7,5,4,3,7,7,9,3,10,2,0,8,6,1,3,3,1,1,0,5,2,4,4,7,4
42,21,8,1,5,20,6,3,9,25,4,2,10,19,14,3,25,8,2,3,2,1,8,3,6,3,1,1,5,5,5,1,10,26,12,147,10,7,16,100,14,8,8,96,7,11,9,43,9,3,6,3,3,1,5,7,4,1,1,1,4,6,1,1,7,18,7,20,20,6,5,4,9,2,3,12,3,6,6,10,5,1,1,6,1,0,3,1,7,0,0,2,3,5,4,5,9
43,7,9,3,13,21,8,6,11,24,7,0,17,18,11,0,28,4,4,2,10,5,6,0,3,0,4,0,4,1,4,1,8,28,15,165,14,6,10,77,9,9,9,94,10,14,9,53,15,6,3,6,2,0,1,0,1,3,2,1,2,6,2,5,6,12,7,13,19,6,7,8,4,6,9,9,5,8,7,8,6,2,0,3,4,3,4,2,5,0,0,3,2,3,2,4,7
44,20,10,2,6,17,6,3,13,22,9,0,12,15,10,0,27,3,0,0,13,4,2,3,6,0,4,3,7,6,3,1,7,16,13,154,19,17,11,105,9,12,9,110,13,8,8,49,4,4,6,6,3,0,4,0,4,0,4,0,3,9,2,1,7,10,7,14,22,2,4,9,3,3,6,6,4,6,9,7,7,1,1,3,1,2,2,1,2,3,0,2,0,1,4,5,9
45,16,5,0,6,22,5,3,9,27,10,5,16,20,24,7,32,2,2,1,5,0,4,2,9,2,1,1,3,4,2,3,5,20,11,157,16,9,9,87,9,6,7,90,9,7,12,51,9,4,8,4,5,0,3,3,1,1,3,0,5,7,2,1,7,17,9,17,18,2,5,11,7,6,6,5,8,8,3,6,10,2,1,5,3,4,1,7,2,1,0,2,1,3,3,3,8
46,17,5,1,8,21,3,3,11,25,7,2,18,18,9,7,26,7,6,2,5,2,5,2,3,1,3,0,4,1,6,0,5,29,8,137,18,20,17,94,14,16,13,103,9,8,8,49,6,2,5,5,2,1,3,2,1,4,0,2,4,3,2,3,7,28,7,15,24,5,6,7,10,4,2,7,3,8,7,2,5,1,1,1,1,0,2,0,3,1,1,5,2,2,3,2,7
47,16,6,3,8,15,9,3,7,22,9,5,13,19,11,0,28,3,6,1,5,1,5,1,7,3,1,0,3,1,4,1,4,19,14,169,6,12,4,98,13,15,13,100,6,19,9,62,6,4,6,6,4,3,5,2,4,1,0,2,0,15,3,2,4,18,9,14,16,8,5,6,8,3,2,7,4,9,4,3,2,4,2,0,1,4,3,0,3,4,0,1,3,1,2,3,5
48,12,6,2,9,9,9,4,10,37,6,3,18,17,17,2,31,4,5,1,2,6,2,1,6,1,2,0,3,5,4,0,6,14,13,150,17,5,7,81,7,10,11,81,12,13,10,58,13,4,5,3,6,1,4,0,1,1,1,0,3,9,2,4,8,25,10,18,24,3,4,17,5,8,3,8,6,8,5,12,7,0,0,3,3,1,1,4,7,2,0,6,1,2,2,6,5
49,9,12,1,9,15,6,3,8,31,5,1,17,15,7,2,31,2,3,0,2,3,3,4,5,2,2,0,5,6,3,0,6,21,7,153,11,7,8,90,11,11,9,97,14,11,17,48,5,5,3,6,2,0,4,5,3,1,3,4,2,13,4,1,5,22,5,14,26,7,5,14,7,3,7,9,6,10,3,5,12,3,2,6,1,0,0,3,10,1,2,2,1,1,1,4,9
50,12,9,0,13,20,11,4,12,24,9,2,11,17,16,1,34,7,4,0,3,0,4,1,7,1,0,2,2,3,3,2,5,22,13,147,22,13,7,101,11,9,12,100,10,11,7,55,6,5,2,7,6,0,1,3,0,0,0,3,2,6,0,1,5,23,7,16,17,6,6,14,6,4,9,5,6,9,6,6,6,2,0,2,2,0,2,1,2,0,1,4,0,5,3,0,4
51,6,9,3,11,15,7,3,12,29,2,3,14,16,13,4,37,5,2,2,5,4,4,2,3,2,5,0,2,1,1,1,9,23,11,126,12,12,13,101,6,9,11,88,5,14,9,63,10,0,4,6,6,3,5,4,2,0,0,4,4,5,8,1,4,20,12,18,24,6,4,6,6,6,5,10,4,12,7,7,11,3,1,1,2,2,4,3,2,0,1,4,1,1,4,7,5
52,12,5,0,12,21,7,3,10,43,8,2,16,16,18,3,23,1,8,0,10,3,3,1,2,4,4,0,2,4,5,0,5,24,15,129,15,9,7,103,12,8,14,86,11,12,6,50,4,1,7,7,4,3,5,3,3,3,3,3,2,7,2,1,7,17,7,21,13,4,5,8,1,5,4,8,5,6,5,9,9,4,0,4,3,0,4,4,5,1,1,6,2,3,3,6,10
53,18,8,1,9,21,7,4,9,25,3,4,19,10,15,2,21,4,6,0,2,2,10,3,3,1,0,0,7,2,3,0,5,23,16,182,19,8,14,79,13,17,6,106,6,4,5,55,12,3,3,6,6,0,0,2,3,1,1,0,2,7,1,3,5,14,4,12,24,6,3,6,4,4,3,6,5,9,8,3,15,1,1,4,4,1,3,3,5,1,0,1,5,4,3,4,2
54,16,4,2,13,17,4,7,8,20,9,2,16,21,8,1,29,6,3,3,0,4,2,5,4,4,4,0,1,1,3,0,8,29,6,176,8,10,9,104,10,10,10,106,7,12,6,42,8,5,2,7,8,0,2,4,2,4,1,4,2,6,2,1,4,17,2,18,16,4,7,6,11,6,2,7,5,7,4,6,7,2,1,8,3,2,1,4,3,1,1,3,0,2,4,4,4
55,15,2,0,5,21,7,3,13,29,9,6,14,24,9,5,31,8,7,1,5,2,5,2,2,2,1,0,3,2,2,1,8,27,13,157,13,12,10,85,9,7,11,96,11,7,11,38,8,6,4,4,6,1,3,5,5,1,1,0,1,6,0,2,5,23,4,17,19,9,5,10,6,8,6,11,6,9,10,7,6,1,1,2,0,0,0,3,4,3,0,2,1,3,1,4,10
56,14,6,1,5,15,9,5,10,28,10,2,16,22,12,3,30,6,1,0,4,4,7,3,3,3,2,0,6,4,5,0,7,33,13,165,9,6,11,97,6,13,8,82,11,8,11,50,7,5,0,1,3,1,3,2,2,4,2,2,3,6,2,2,4,19,5,15,13,7,7,13,6,7,3,11,7,12,2,7,9,0,2,7,2,1,3,6,2,0,0,3,0,3,2,4,7
57,15,6,3,5,16,8,8,14,29,6,2,21,16,14,2,27,5,7,3,8,3,7,1,6,1,2,0,2,3,4,0,9,19,11,143,9,9,10,82,16,5,10,92,9,13,9,58,9,4,7,4,6,1,3,0,1,3,3,6,6,7,2,2,3,16,5,18,20,4,7,10,6,0,2,9,5,10,10,5,9,2,2,7,2,2,2,7,2,0,1,5,0,1,3,6,7
58,11,4,2,9,20,3,3,8,24,3,4,13,21,11,4,30,9,3,2,7,1,5,0,3,2,2,1,6,2,2,0,8,26,11,148,17,4,10,100,6,9,12,93,10,13,11,55,7,3,6,6,5,1,3,4,2,0,2,3,0,8,2,3,6,28,7,16,19,9,5,8,11,9,6,9,3,5,5,6,10,2,2,3,3,0,3,4,3,2,0,2,3,2,3,1,2
59,22,8,2,6,17,2,4,9,23,4,3,17,27,14,7,32,3,7,0,5,3,2,2,4,1,2,0,2,2,5,1,8,33,9,155,15,10,6,81,16,5,5,83,12,8,13,47,12,1,6,5,5,3,4,2,2,0,2,4,5,7,3,2,5,16,8,16,12,3,11,5,13,9,5,5,3,7,9,5,11,3,1,7,4,2,3,4,3,1,2,3,1,4,1,6,7
60,16,4,2,8,14,8,5,7,20,4,2,21,22,12,1,31,8,3,0,5,3,8,1,3,3,3,0,3,3,3,1,5,22,9,147,12,12,13,73,8,20,5,94,7,11,8,69,10,4,2,2,7,0,1,3,4,2,1,2,2,7,2,4,8,21,4,12,18,5,9,15,5,10,3,5,4,9,12,8,9,1,2,2,0,1,5,5,5,0,2,6,3,5,2,3,9
61,14,5,1,8,15,9,4,11,20,6,5,17,18,14,3,36,4,3,0,2,0,6,1,6,0,2,1,2,7,5,1,5,24,5,149,9,12,9,97,11,10,11,95,5,11,10,57,9,3,5,8,5,2,2,2,3,3,3,3,1,5,5,2,6,21,2,22,21,6,2,8,6,7,7,13,9,7,4,10,12,2,0,3,1,1,0,1,4,0,0,2,3,4,4,3,2
62,16,3,1,5,12,10,8,9,31,5,1,7,23,21,6,29,6,6,3,4,6,3,2,4,1,1,2,3,2,3,0,5,22,12,148,15,14,11,95,17,12,10,92,7,18,10,58,11,1,3,2,6,2,3,3,0,2,2,1,0,5,5,2,6,11,6,12,25,5,4,6,6,4,2,9,10,9,9,7,8,2,0,3,3,3,1,2,3,3,1,0,0,3,4,1,5
63,18,7,2,7,18,7,6,10,24,5,6,12,15,14,4,31,6,1,2,8,7,4,3,5,1,4,2,4,2,2,0,4,29,8,147,17,10,5,102,7,16,8,83,8,17,13,47,10,4,4,3,6,2,3,3,0,1,1,2,1,6,3,3,3,11,6,17,25,2,5,9,8,7,3,11,6,6,10,9,10,1,4,7,1,2,1,3,1,1,0,3,4,2,0,2,10
64,11,9,3,9,17,4,0,10,26,4,3,18,20,15,2,28,12,3,1,5,6,1,3,3,3,5,1,4,4,3,0,4,22,11,142,21,5,13,86,16,12,7,111,9,8,8,56,10,5,4,4,7,1,2,3,3,4,1,0,0,9,0,4,6,17,10,9,20,7,6,8,5,3,6,7,9,7,3,5,7,1,3,4,2,0,2,7,4,0,0,5,0,0,5,0,11
65,26,6,1,11,15,5,3,9,30,9,3,27,12,15,5,27,4,4,2,7,2,5,1,7,2,0,2,4,4,6,0,4,29,5,149,15,9,10,90,9,14,14,87,6,15,7,59,8,3,6,7,3,0,4,2,3,0,2,1,2,1,1,2,3,15,6,21,14,10,2,13,7,6,1,3,5,9,8,9,10,4,1,4,1,2,1,1,4,1,1,4,1,0,1,7,4
66,18,7,1,10,16,4,1,7,29,5,2,6,14,17,7,31,5,4,0,7,1,5,2,2,3,2,0,1,2,6,4,12,17,12,165,19,8,6,94,8,10,10,96,7,11,6,53,10,4,9,4,3,0,5,4,4,3,0,4,0,8,1,2,2,18,8,21,19,5,4,14,9,7,6,8,2,6,8,5,10,0,0,4,3,1,1,4,4,0,0,4,0,3,3,3,4
67,23,7,0,11,19,8,1,10,16,5,7,22,16,13,4,29,2,3,2,8,4,3,0,5,4,4,1,4,3,5,1,7,25,10,171,11,5,10,98,5,12,13,88,6,10,12,36,11,6,6,0,4,1,3,4,3,2,1,3,1,5,0,2,7,20,5,11,22,4,3,5,6,8,5,10,5,6,7,5,12,5,1,4,2,0,0,3,4,3,0,4,1,2,5,7,7
68,17,9,1,7,21,9,5,8,33,8,2,14,23,15,5,43,2,4,0,5,3,5,2,8,2,3,0,3,2,4,1,6,17,11,156,13,14,7,90,8,10,7,93,8,6,8,64,6,4,4,4,4,0,0,3,2,6,2,3,2,6,3,1,1,12,2,18,19,8,8,8,4,5,4,5,6,4,4,15,7,0,0,5,4,0,0,3,2,1,1,9,1,1,0,3,8
69,18,6,2,5,19,4,1,13,28,6,1,18,10,15,3,32,7,2,2,7,4,5,0,3,2,2,1,1,4,3,0,7,23,9,140,16,11,12,92,9,14,13,93,10,8,12,46,12,4,8,2,8,2,5,0,5,2,2,1,1,6,4,2,7,15,6,18,19,3,7,11,5,4,6,10,8,4,6,8,8,1,2,7,2,1,3,1,3,0,4,7,2,2,2,9,6
70,18,10,0,7,11,4,5,11,29,5,2,8,18,9,6,31,5,2,1,2,4,5,3,4,3,4,2,6,0,1,2,9,25,8,158,12,17,11,101,15,12,10,91,7,17,12,53,8,5,5,6,3,1,3,4,3,1,4,3,2,11,1,5,6,17,9,12,20,5,5,2,7,5,4,8,3,6,5,10,3,1,2,1,3,1,1,2,6,0,0,3,3,1,6,1,1
71,13,10,3,11,15,6,8,15,30,6,3,12,15,10,2,29,7,3,1,4,2,2,1,1,3,3,0,3,3,5,1,6,30,8,156,17,12,5,92,14,13,12,100,10,7,10,44,9,3,4,6,3,0,2,4,2,0,4,0,3,4,1,1,7,26,6,13,22,2,1,11,7,7,3,10,6,10,6,5,12,3,0,1,2,0,8,3,3,2,1,3,0,2,4,2,3
72,19,4,1,9,29,8,2,11,26,7,3,19,22,11,2,30,15,1,2,7,6,4,2,5,2,4,0,1,2,2,1,3,20,11,149,14,11,10,107,7,15,7,79,11,10,8,53,8,7,5,8,2,3,2,3,2,5,2,3,1,10,2,5,4,16,7,7,13,5,6,8,6,5,4,8,7,10,4,5,8,3,2,2,3,1,1,6,2,1,0,4,2,1,2,3,4
73,9,8,0,11,19,11,1,8,26,7,1,5,22,16,4,20,9,4,2,4,0,2,1,7,2,3,1,2,7,8,0,8,26,12,151,22,8,10,90,19,13,8,88,7,16,13,54,9,3,2,6,2,1,4,3,1,3,1,0,2,9,3,1,7,22,3,14,12,6,5,5,5,12,4,10,7,9,6,4,12,1,0,3,3,1,4,4,4,2,0,4,1,2,3,2,8
74,18,14,2,11,16,4,3,12,28,9,5,11,16,14,1,26,6,5,2,6,3,5,1,8,2,3,1,1,1,4,1,6,28,10,181,13,11,10,91,8,6,17,72,4,3,10,53,5,4,3,8,1,1,3,2,4,1,2,2,2,6,6,4,6,30,6,14,14,4,7,11,5,6,4,3,7,5,8,8,9,4,1,2,3,1,7,1,2,0,0,2,1,1,5,3,4
75,19,9,2,9,17,4,5,10,22,3,2,18,15,11,3,24,5,2,2,3,1,7,1,6,2,1,1,2,5,3,3,8,24,9,164,12,9,12,93,10,10,5,103,6,15,16,47,9,4,4,4,5,2,1,3,4,0,1,2,2,6,2,1,6,8,9,18,18,4,8,11,2,5,4,9,8,6,5,6,9,0,1,6,3,3,1,2,7,3,0,7,3,2,2,4,10
76,12,12,0,10,18,13,1,9,23,7,2,18,21,15,2,26,7,7,1,5,3,2,3,3,4,3,2,4,3,4,1,10,23,4,158,18,4,10,88,9,17,10,96,10,16,9,64,9,1,1,4,3,2,2,1,2,0,3,1,7,4,2,1,10,14,4,17,12,4,5,5,11,8,5,6,7,0,3,7,12,0,3,3,1,0,3,5,4,1,0,6,2,2,1,2,7
77,18,4,1,12,15,2,3,8,24,6,2,19,12,15,4,38,4,6,3,5,6,4,4,7,1,4,1,1,7,2,1,11,21,9,145,14,8,10,96,12,8,11,94,7,14,13,39,13,7,3,4,2,1,0,3,2,2,1,3,2,12,1,1,5,22,4,19,14,5,8,10,3,6,3,7,8,8,7,8,11,4,1,5,5,2,1,5,4,0,2,0,0,1,3,4,7
78,24,8,1,2,19,12,7,15,22,10,2,18,17,10,3,25,5,3,0,5,5,5,1,4,3,2,0,3,5,3,0,7,31,10,160,7,13,11,73,8,8,14,88,9,10,7,55,4,2,5,6,2,1,3,4,1,2,2,4,3,10,2,2,2,19,9,19,13,11,5,10,9,5,3,4,5,11,10,5,8,3,2,4,4,1,4,4,3,4,1,8,0,0,3,4,4
79,19,2,2,7,23,4,6,9,28,13,5,11,27,10,6,25,5,1,1,2,4,3,1,5,2,2,1,3,1,3,4,6,26,7,134,10,13,10,85,14,10,8,93,12,12,13,47,7,4,2,5,5,1,2,3,1,3,0,4,4,7,2,5,5,16,8,14,28,5,6,10,7,6,4,6,5,7,5,7,8,2,2,2,6,1,3,6,5,1,1,5,3,5,6,5,10
80,19,8,1,10,24,8,3,8,25,5,1,22,25,17,3,32,7,4,4,4,4,1,0,5,0,1,0,2,1,8,0,4,26,9,163,12,9,7,81,5,11,10,93,9,8,10,60,7,2,3,5,3,1,1,2,0,1,3,1,0,12,1,4,3,18,8,10,25,4,12,10,12,9,3,8,8,4,9,8,7,2,0,2,2,1,2,0,5,1,0,1,0,3,1,3,4
81,13,6,2,8,17,8,2,13,27,9,1,19,19,15,1,29,7,4,1,4,0,7,5,1,2,1,0,2,4,5,3,12,21,12,140,11,16,8,100,8,9,9,88,5,14,12,43,10,3,3,6,1,1,0,1,3,1,1,6,1,13,1,2,10,27,4,15,18,7,3,9,15,12,5,6,3,6,4,8,15,1,2,3,1,1,3,2,3,2,1,4,4,2,0,3,5
82,16,6,0,9,21,5,2,6,23,5,5,13,19,11,1,35,9,2,1,5,3,6,4,4,2,1,1,5,1,0,3,6,27,10,141,9,8,16,95,16,9,3,102,7,12,10,49,6,3,1,6,4,3,0,4,2,3,2,4,2,6,1,1,5,22,8,23,18,4,2,10,7,11,5,11,7,11,8,7,10,1,2,2,0,1,2,6,2,0,0,4,1,3,4,4,7
83,14,11,2,9,17,7,6,11,26,4,5,16,19,12,4,21,6,4,0,3,7,5,1,6,1,6,0,3,2,2,6,7,21,13,137,13,17,10,94,8,12,13,94,7,10,10,38,12,9,5,3,3,1,1,4,2,3,2,3,1,7,3,2,5,17,8,19,18,5,6,9,7,9,4,10,8,10,8,5,12,2,2,3,1,2,1,3,1,1,0,3,2,4,7,5,2
84,19,9,3,8,15,11,2,8,19,6,4,9,18,18,3,31,5,5,2,3,1,5,1,4,3,0,1,2,5,4,2,2,27,7,161,16,11,15,92,14,14,9,90,9,6,12,50,7,1,2,5,2,1,2,3,4,2,3,0,4,9,4,2,12,14,10,15,18,3,3,10,2,6,7,7,6,10,5,5,10,4,0,4,3,0,3,3,6,1,1,4,2,1,2,1,10
85,14,5,1,7,29,3,2,11,28,4,2,16,15,17,2,20,3,0,3,4,3,4,2,4,5,2,1,5,2,5,0,8,18,16,144,12,12,6,104,14,9,7,91,5,11,18,66,11,3,1,4,6,3,3,1,7,3,4,1,5,5,0,3,9,13,10,10,20,4,1,9,8,8,1,7,7,10,8,8,9,1,3,1,3,0,1,3,1,3,1,5,1,3,4,2,6
86,15,11,2,7,20,6,2,11,29,6,2,21,13,7,1,25,4,4,1,9,4,5,1,6,2,4,4,2,5,2,1,6,22,13,181,23,8,9,79,3,11,5,96,6,6,8,57,5,4,6,7,1,2,2,5,2,6,3,2,1,9,2,4,7,18,7,16,19,7,6,8,6,4,2,12,4,4,7,5,10,3,0,2,3,0,0,2,4,1,0,4,1,2,2,1,7
87,13,12,0,9,21,5,3,6,19,7,3,13,11,14,1,31,4,3,2,5,4,8,2,6,1,2,2,2,3,3,1,8,26,8,156,7,14,8,80,10,15,8,80,6,9,14,62,6,7,3,4,4,3,3,4,0,1,0,5,2,7,1,4,6,5,11,21,19,10,6,10,12,7,5,10,5,11,8,8,12,4,1,5,2,1,3,6,7,2,3,1,2,1,7,2,6
88,24,8,2,3,13,9,5,4,26,9,1,14,20,8,1,30,11,7,2,6,4,1,3,3,1,0,0,3,6,1,3,9,25,9,158,11,11,6,88,12,8,13,107,9,9,14,35,12,1,5,4,8,2,9,3,2,1,2,1,1,11,4,3,3,23,6,16,12,10,5,15,7,6,7,7,4,6,4,5,4,1,1,5,3,1,2,5,5,0,1,2,0,4,3,2,4
89,15,6,1,14,21,7,3,11,29,7,4,17,13,12,3,22,3,3,0,6,4,5,2,4,4,1,0,1,2,5,0,11,24,5,168,8,14,6,97,9,13,11,83,11,9,14,62,12,3,3,6,3,2,2,1,1,3,1,3,1,7,0,3,4,12,12,15,17,6,9,7,9,5,4,6,4,4,5,4,8,3,1,4,4,1,3,1,4,0,2,4,3,1,2,3,12
90,15,12,0,6,26,11,8,10,26,3,2,18,15,10,1,26,5,0,1,5,2,4,1,0,1,1,1,1,3,2,1,7,33,13,153,10,12,8,77,5,12,11,95,12,7,12,52,11,2,2,4,9,4,2,5,2,4,2,1,1,13,5,2,5,20,5,15,21,1,3,11,5,7,4,7,9,8,6,11,12,3,4,5,2,1,1,1,5,1,2,2,1,1,3,3,10
91,15,7,1,7,14,4,2,9,17,4,4,16,16,15,4,27,9,3,0,3,8,3,0,7,4,4,0,3,4,3,1,3,35,20,154,18,8,7,94,8,10,8,112,6,12,12,37,9,6,6,5,7,2,3,2,3,2,2,0,2,8,2,2,7,21,3,14,15,6,7,9,5,8,6,8,7,6,4,6,4,3,2,0,2,0,3,4,4,3,0,4,1,1,1,8,9
92,16,8,2,8,16,6,2,8,29,3,3,14,20,17,6,28,4,6,0,7,0,4,0,5,3,0,0,1,1,2,0,7,18,7,154,12,6,14,102,13,16,8,93,8,11,11,55,7,6,1,4,6,0,1,0,3,2,1,1,3,6,2,3,6,22,5,17,20,5,11,6,11,4,2,8,3,4,6,8,12,1,2,5,3,2,4,5,4,2,0,7,1,3,1,3,7
93,15,10,1,11,16,9,4,16,19,11,6,6,18,10,3,29,8,2,0,5,2,1,1,3,5,4,0,3,4,2,0,4,11,11,163,16,15,10,101,13,10,7,93,12,5,13,56,6,2,2,6,3,3,4,0,3,1,3,3,0,11,0,1,7,19,10,18,21,4,6,5,4,14,7,6,6,8,7,5,7,1,1,0,1,2,2,5,1,0,1,4,1,2,3,4,6
94,19,11,2,4,11,7,5,12,19,3,0,14,23,14,2,25,5,3,1,1,5,3,3,4,0,5,0,1,2,2,1,14,17,9,155,12,10,10,91,15,10,12,110,14,12,4,56,11,3,3,5,3,1,4,3,4,1,3,2,0,14,0,2,9,14,5,20,21,6,8,6,10,8,6,3,6,7,4,4,7,3,0,4,3,1,2,6,2,2,1,2,1,0,5,3,4
95,12,6,0,6,19,2,5,5,30,10,1,14,21,11,6,31,5,3,0,9,2,4,0,1,3,2,0,4,4,5,4,8,24,13,136,9,10,6,98,13,16,9,103,14,10,10,60,8,6,5,2,3,5,3,3,0,2,1,2,0,8,2,2,7,19,10,13,21,4,4,9,5,4,2,4,4,7,7,14,14,2,1,3,3,0,3,4,2,0,0,2,1,0,7,0,8
96,13,6,0,8,14,5,3,10,23,9,2,15,18,15,5,31,2,3,2,4,6,7,3,6,1,4,0,3,5,3,1,6,27,10,159,10,13,10,89,17,13,13,109,8,6,13,47,11,6,2,5,6,1,4,5,1,1,3,0,1,4,2,3,3,21,5,14,18,5,6,8,4,4,6,9,4,7,4,6,4,1,2,4,6,1,1,5,4,0,0,1,0,1,4,5,5
97,18,8,3,9,17,7,2,12,23,4,1,16,26,20,1,27,6,5,2,6,3,8,3,0,2,4,1,2,4,2,1,7,23,15,157,14,9,14,97,4,13,9,87,6,11,15,60,5,5,1,3,6,1,2,7,2,1,1,2,2,4,2,3,7,16,8,14,19,3,3,9,5,6,4,9,8,4,4,7,10,2,0,5,1,0,3,2,2,1,1,1,2,1,3,5,4
98,17,6,1,9,20,5,4,12,31,8,4,13,17,16,1,31,3,3,0,5,4,3,2,2,3,4,1,4,5,8,2,7,17,11,152,20,9,5,89,13,12,12,89,9,16,14,57,6,3,1,7,5,2,1,1,1,1,0,2,2,7,1,3,7,23,2,19,18,3,6,13,3,6,7,9,1,5,5,3,9,3,1,2,3,2,5,3,1,1,0,4,3,1,1,1,11
99,14,8,3,5,17,8,3,10,34,3,3,19,11,11,4,39,2,3,0,4,3,6,0,8,4,3,0,1,3,6,1,9,32,8,142,14,9,6,84,15,14,8,104,9,6,9,53,13,1,2,4,6,0,1,2,2,4,3,3,5,6,5,2,7,17,6,15,21,8,4,7,7,6,3,9,7,6,4,6,11,3,1,4,2,2,4,0,4,1,2,3,2,0,4,3,4
